类型,日志等级,写入时间,日志内容
SYSTEM,INFO,2026-06-21 02:43:48,ok
SYSTEM,INFO,2026-06-21 02:43:48,ok
SYSTEM,INFO,2026-06-21 02:43:53,ok
SYSTEM,INFO,2026-06-21 02:43:57,ok
SYSTEM,INFO,2026-06-21 02:48:16,ok
SYSTEM,INFO,2026-06-21 02:48:16,ok
SYSTEM,INFO,2026-06-21 02:48:19,ok
SYSTEM,INFO,2026-06-21 02:48:19,ok
SYSTEM,INFO,2026-06-21 02:48:19,ok
SYSTEM,INFO,2026-06-21 02:48:20,ok
SYSTEM,INFO,2026-06-21 02:48:20,ok
SYSTEM,INFO,2026-06-21 02:48:20,ok
SYSTEM,INFO,2026-06-21 02:48:20,ok
SYSTEM,INFO,2026-06-21 02:48:27,ok
SYSTEM,INFO,2026-06-21 02:48:28,ok
SYSTEM,INFO,2026-06-21 02:48:28,ok
SYSTEM,INFO,2026-06-21 02:48:28,ok
SYSTEM,INFO,2026-06-21 02:48:28,ok
SYSTEM,INFO,2026-06-21 02:48:28,ok
SYSTEM,INFO,2026-06-21 02:48:28,ok
SYSTEM,INFO,2026-06-21 02:48:29,ok
SYSTEM,INFO,2026-06-21 02:48:29,ok
SYSTEM,INFO,2026-06-21 02:48:29,ok
SYSTEM,INFO,2026-06-21 02:48:29,ok
SYSTEM,INFO,2026-06-21 02:48:29,ok
SYSTEM,INFO,2026-06-21 02:48:29,ok
SYSTEM,INFO,2026-06-21 02:48:30,ok
SYSTEM,INFO,2026-06-21 02:48:30,ok
SYSTEM,INFO,2026-06-21 02:48:30,ok
SYSTEM,INFO,2026-06-21 02:48:30,ok
SYSTEM,INFO,2026-06-21 02:48:30,ok
SYSTEM,INFO,2026-06-21 02:48:30,ok
SYSTEM,INFO,2026-06-21 02:48:31,ok
SYSTEM,INFO,2026-06-21 02:48:31,ok
SYSTEM,INFO,2026-06-21 02:48:31,ok
SYSTEM,INFO,2026-06-21 02:48:31,ok
SYSTEM,INFO,2026-06-21 02:48:31,ok
SYSTEM,INFO,2026-06-21 02:48:31,ok
SYSTEM,INFO,2026-06-21 02:48:32,ok
SYSTEM,INFO,2026-06-21 02:48:32,ok
SYSTEM,INFO,2026-06-21 02:48:32,ok
SYSTEM,INFO,2026-06-21 02:48:32,ok
SYSTEM,INFO,2026-06-21 13:56:01,ok
SYSTEM,INFO,2026-06-21 13:58:43,ok
SYSTEM,INFO,2026-06-21 13:58:43,ok
SYSTEM,INFO,2026-06-21 13:58:57,ok
SYSTEM,INFO,2026-06-21 13:58:57,ok
SYSTEM,INFO,2026-06-21 13:59:16,ok
SYSTEM,INFO,2026-06-21 13:59:17,ok
SYSTEM,INFO,2026-06-21 13:59:17,ok
SYSTEM,INFO,2026-06-21 13:59:17,ok
SYSTEM,INFO,2026-06-21 13:59:19,ok
SYSTEM,INFO,2026-06-21 13:59:19,ok
SYSTEM,INFO,2026-06-21 13:59:21,ok
SYSTEM,INFO,2026-06-21 13:59:21,ok
SYSTEM,INFO,2026-06-21 13:59:26,ok
SYSTEM,INFO,2026-06-21 13:59:26,ok
SYSTEM,INFO,2026-06-21 14:04:19,ok
SYSTEM,INFO,2026-06-21 14:04:19,ok
SYSTEM,INFO,2026-06-21 14:08:29,ok
SYSTEM,INFO,2026-06-21 14:08:29,ok
SYSTEM,INFO,2026-06-21 15:10:36,ok
SYSTEM,INFO,2026-06-21 15:10:36,ok
SYSTEM,INFO,2026-06-21 15:11:48,ok
SYSTEM,INFO,2026-06-21 15:11:48,ok
